ts	phase	decision	why	evidence	result
2026-10-06T10:42:57Z	frame	Preserve gen and bidirectional execution; replace internal representations freely	The user made the authoring API the constraint and approved the staged implementation	src/combinators.ts;test/ref-pattern.test.ts	VERIFIED baseline: 275 tests, typecheck, lint and formatting passed
2026-10-06T10:42:57Z	workflow	Use one baseline worktree and two isolated writable workers	Benchmark repair and byte representation changes do not need shared writable files	/private/var/folders/_f/yb2trsh50c1gv2dpybhtbw7r0000gn/T/opencode/effect-grammar-readability	Worktrees created from d0a3226d4d0e3814251de3b2cc82a0b3f55b3915
2026-10-06T10:42:57Z	contract	Capture representative baseline behavior with a repeatable comparison script	Value and output comparisons are stronger than compilation alone	tools/verify-readability.mjs	VERIFIED: 132 comparisons match the unmodified baseline
2026-10-06T10:48:21Z	contract	Run the verification script as native TypeScript and include it in typechecking	Node 24 supports TypeScript directly; malformed values remain covered by existing boundary tests	tools/verify-readability.ts;test/generator-bindings.test.ts	VERIFIED: 128 comparisons; generator access-order tests pass; this supersedes the former mjs path
2026-10-06T10:48:21Z	baseline	Promote the maintained benchmark to benchmarks and typecheck it	The original bench directory was locally ignored and contained obsolete API calls	benchmarks/grammar.bench.ts;tsconfig.json	VERIFIED: 16 benchmark cases run; before report saved in the baseline worktree directory
2026-10-06T10:48:21Z	bytes	Name the byte-string representation explicitly and scope scratch storage to each float terminal	The reader no longer confuses raw byte storage with text decoding or traces module-global float state	src/internal/bytes.ts;test/binary.test.ts	VERIFIED: 21 binary tests and baseline comparisons pass
2026-10-06T10:48:21Z	ast	Represent Optional and Dispatch directly	Delete optional callback identity and dispatch key-array alignment rather than explain them	src/core.ts;src/internal/syntax.ts;test/interpreters.test.ts	VERIFIED: 175 focused tests, typechecking and 128 baseline comparisons pass
2026-10-06T10:54:16Z	sequence	Compile returned refs to local slots and attach paths to sequence steps	Delete the persistent binding map and parent-scope lookup from result assembly while retaining recursive inversion	src/internal/generator.ts;src/core.ts	VERIFIED: all 282 tests, typechecking and 128 baseline comparisons pass
2026-10-06T10:54:16Z	ownership	Replace ref, env and pattern modules with one generator owner	Readers can find construction scopes, runtime slots and reversible results together	src/internal/generator.ts	VERIFIED: no legacy module imports remain; lint requires domain names instead of Shape identifiers
2026-10-06T10:54:16Z	state	Distinguish diagnostic evidence from the rewound cursor and narrow recursion state to suspensions	The state names and types now expose actual lifetimes	src/parse.ts;src/analysis.ts;src/print.ts	VERIFIED: backtracking, label, suspension and full-suite tests pass
2026-10-06T11:09:31Z	delimiters	Retain the direct Surrounded prototype	Delete synthetic frame, slot and skip wrappers; preserve incoming dependency environment	src/combinators.ts;src/parse.ts;src/print.ts;test/interpreters.test.ts	VERIFIED: nested parent/local dependencies, diagnostic paths and baseline comparisons pass
2026-10-06T11:09:31Z	tests	Move 33 historical cases into feature-owning suites and rename ref-pattern to generator-refs	Test names and assertions should identify the responsible subsystem rather than implementation history	test/generator-bindings.test.ts;test/grammar.test.ts;test/parse-regressions.test.ts;test/runtime-exceptions.test.ts;test/choice-dispatch.test.ts	VERIFIED: every prior test title retained except the intentionally updated dispatch diagnostic-path title; 286 tests across 17 suites pass
2026-10-06T11:09:31Z	review	Make two reviewer-found semantic differences explicit under the approved breaking redesign	Direct Optional errors and early foreign-ref rejection are simpler contracts, not accidental equivalence claims	docs/migration.md;test/grammar.test.ts;test/generator-refs.test.ts	VERIFIED: focused tests pin both differences; four optional errors normalized in comparison script
2026-10-06T11:09:31Z	contract	Strengthen baseline comparisons to structured failures and messages	Failure status alone missed an optional-error contract change; serialize accessor descriptors without invoking getters	tools/verify-readability.ts	VERIFIED: 134 comparisons pass including parse positions, expectations and print issues/messages
2026-10-06T11:09:31Z	comments	Replace repository-controlled explanations with named cached-only syntax queries and remove avoidable assertions	Keep the Proxy receiver forwarding suppression and proven type-erasure boundaries rather than hide assertions in helpers	src/internal/syntax.ts;src/analysis.ts;test/interpreters.test.ts;test/binary.test.ts	VERIFIED: no-comments audit assessed; lint has zero warnings and errors
2026-10-06T11:09:31Z	docs	Add a netstring execution trace, contributor checks and explicit byte-domain examples	Contributor reading paths must follow actual module ownership and public usage must distinguish byte counts from text	README.md;docs/architecture.md;docs/contributing.md;docs/migration.md	VERIFIED: docs formatted; examples included in typechecking
2026-10-06T11:09:31Z	verification	Run the full check and a serial baseline/current benchmark pair	Avoid measuring benchmark throughput during verification contention	pnpm check;benchmarks/grammar.bench.ts	VERIFIED: formatting, lint, types, 286 tests, packed export tests and build; 16 benchmarks run on both implementations
2026-10-06T11:09:31Z	performance	Report serial measurements as local evidence, not a promised speedup	Short microbenchmarks vary; construction confidence intervals exceed 25 percent	benchmark-baseline-final.json;benchmark-current-final.json in the external worktree root	OBSERVED: JSON parse 1.87x throughput; checked JSON print 1.46-1.60x; unchecked JSON print 1.48x; other execution cases 1.03-1.20x; construction inconclusive
2026-10-06T11:09:31Z	limits	Keep one graph and recursive return assembly; reject generic VM, duplicate IR and output path assignment	The chosen representation removes hidden contracts without replacing recognizable bidirectional behavior	src/core.ts;src/internal/generator.ts	Preserved construction-time gen, symbolic refs, prebinding order, checked printing, local choice checks and private byte-string execution; no commits or remote actions requested
2026-10-06T11:14:42Z	delivery	Delete the migration guide and its links; update existing release notes to the winning representation	User requested removal, commit and push; earlier migration-file references in this trail describe historical work	README.md;docs/architecture.md;.changeset/reorganize-internals.md	Migration guide removed; approved contract differences retained in existing release notes
